art;ref;year;type.measure;category;measure2;measure;between_ef;study;environ;dyad.type;order;genus;sp;trait;disp;display;fight.cat;fighting.style;RHP_losers;S_losers;N_losers;RHP_winners;S_winners;N_winners;Chi_sq;N_chi;z-score;N_z;p_z;rs;N_rs;paired_t;pairedt_N;pairedt_p;wilcox_z;wilcox_n;wilcox_p;F_value;F_N;F_p;yi;vi;N
ar6;Briffa;2008;mass;massa_corpo;mass;mass;1;1;lab;random;Orthoptera;Acheta;Acheta domesticus;body;weapon;weapon;interm;lift.impact;0.184;0.046;33;0.219;0.04;33;NA;NA;NA;NA;NA;NA;NA;NA;NA;NA;NA;NA;NA;NA;NA;NA;0.802420765;0.0660444;33
ar6;Briffa;2008;comprimento_mand_direita;comprimento_arma;length;linear;2;1;lab;random;Orthoptera;Acheta;Acheta domesticus;weapon;weapon;weapon;interm;lift.impact;2.457;0.365;33;2.575;0.432;33;NA;NA;NA;NA;NA;NA;NA;NA;NA;NA;NA;NA;NA;NA;NA;NA;0.2915;0.061;33
ar6;Briffa;2008;comprimento_mand_esquerda;comprimento_arma;length;linear;3;1;lab;random;Orthoptera;Acheta;Acheta domesticus;weapon;weapon;weapon;interm;lift.impact;2.288;0.302;33;2.268;0.478;33;NA;NA;NA;NA;NA;NA;NA;NA;NA;NA;NA;NA;NA;NA;NA;NA;-0.0494;0.061;33
ar67;Palaoro_et_al;2014;carapace_length;comprimento_corpo;length;linear;4;2;lab;random;Decapoda;Aegla;Aegla longirostri;body;tact;body;interm;squeeze.pull;1.658.933.333;1.966.870.127;15;1.942.466.667;2.567.519.277;15;NA;NA;NA;NA;NA;NA;NA;NA;NA;NA;NA;NA;NA;NA;NA;NA;1.2062;0.16148865;15
ar67;Palaoro_et_al;2014;claw_height;comprimento_arma;height;linear;5;2;lab;random;Decapoda;Aegla;Aegla longirostri;weapon;tact;body;interm;squeeze.pull;5.859.333;1.080.301;15;7.623.333.333;1.558.615;15;NA;NA;NA;NA;NA;NA;NA;NA;NA;NA;NA;NA;NA;NA;NA;NA;1.2798;0.16632818;15
ar67;Palaoro_et_al;2014;claw_length;comprimento_arma;length;linear;6;2;lab;random;Decapoda;Aegla;Aegla longirostri;weapon;tact;body;interm;squeeze.pull;1.037.466.667;1.801.689.155;15;1.303.133.333;2.401.466.417;15;NA;NA;NA;NA;NA;NA;NA;NA;NA;NA;NA;NA;NA;NA;NA;NA;1.2175;0.1622;15
ar67;Palaoro_et_al;2014;claw_strength;forca_arma;strength;performance;7;2;lab;random;Decapoda;Aegla;Aegla longirostri;weapon;tact;body;interm;squeeze.pull;0.075930866;0.067462398;15;0.184463602;0.096519243;15;NA;NA;NA;NA;NA;NA;NA;NA;NA;NA;NA;NA;NA;NA;NA;NA;1.2681;0.1656;15
ar44;Kim_et_al;2011;horn_length;comprimento_arma;length;linear;8;3;lab;random;Orthoptera;Loxoblemmus;Loxoblemmus doenitzi;weapon;tact;body;interm;impact.push;NA;NA;NA;NA;NA;NA;1187;35;NA;NA;NA;NA;NA;NA;NA;NA;NA;NA;NA;NA;NA;NA;0.36;0.12;35
ar44;Kim_et_al;2011;body_size;comprimento_corpo;length;linear;9;3;lab;random;Orthoptera;Loxoblemmus;Loxoblemmus doenitzi;body;tact;body;interm;impact.push;NA;NA;NA;NA;NA;NA;8289;35;NA;NA;NA;NA;NA;NA;NA;NA;NA;NA;NA;NA;NA;NA;1.07;0.15;35
ar28;Hoem_et_al;2007;antler_index;comprimento_arma;index;index;10;4;field;random;Mammalia;Capreolus;Capreolus capreolus;weapon;weapon;weapon;interm;push.impact.lift;NA;NA;NA;NA;NA;NA;23728;40;2.03;40;42;NA;NA;NA;NA;NA;NA;NA;NA;NA;NA;NA;2.34;0.24;40
a97;Hongo;2003;horn_length;comprimento_arma;length;linear;11;5;field;random;Coleoptera;Trypoxylus;Trypoxylus dichotomus;weapon;no;no;body;lift.push;NA;NA;NA;NA;NA;NA;0.59;47;NA;NA;NA;NA;NA;NA;NA;NA;NA;NA;NA;NA;NA;NA;0.22;0.09;47
a97;Hongo;2003;body_size;comprimento_corpo;length;linear;12;5;field;random;Coleoptera;Trypoxylus;Trypoxylus dichotomus;body;no;no;body;lift.push;NA;NA;NA;NA;NA;NA;7532;47;NA;NA;NA;NA;NA;NA;NA;NA;NA;NA;NA;NA;NA;NA;0.85;0.1;47
a97;Hongo;2003;horn_length;comprimento_arma;length;linear;13;5;field;random;Coleoptera;Trypoxylus;Trypoxylus dichotomus;weapon;no;no;body;lift.push;NA;NA;NA;NA;NA;NA;17054;47;NA;NA;NA;NA;NA;NA;NA;NA;NA;NA;NA;NA;NA;NA;1.47;0.13;47
ar41;Karino_et_al;2005;horn_length;comprimento_arma;length;linear;14;6;lab;random;Coleoptera;Trypoxylus;Trypoxylus dichotomus;weapon;no;no;body;lift.push;NA;NA;NA;NA;NA;NA;2.91;101;-7.43;101;0.0001;NA;NA;NA;NA;NA;NA;NA;NA;NA;NA;NA;0.34;0.04;101
ar41;Karino_et_al;2005;body_size;comprimento_corpo;length;linear;15;6;lab;random;Coleoptera;Trypoxylus;Trypoxylus dichotomus;body;no;no;body;lift.push;NA;NA;NA;NA;NA;NA;0.67;101;-7.46;101;0.0001;NA;NA;NA;NA;NA;NA;NA;NA;NA;NA;NA;0.16;0.04;101
ar18;Dale_Slagvsold;1995;body_size;comprimento_corpo;length;linear;16;7;field;random;Aves;Ficedula;Ficedula hypoleuca;body;visual;body;weapon;squeeze.pierce;12.81;0.871;10;13.23;1.189;10;NA;NA;NA;NA;NA;NA;NA;NA;NA;NA;NA;NA;NA;NA;NA;NA;0.385925417;0.20793621;10
ar18;Dale_Slagvsold;1995;tarsus_length;comprimento_arma;length;linear;17;7;field;random;Aves;Ficedula;Ficedula hypoleuca;weapon;visual;body;weapon;squeeze.pierce;19.55;0.609;10;19.7;0.609;10;NA;NA;NA;NA;NA;NA;NA;NA;NA;NA;NA;NA;NA;NA;NA;NA;0.235873504;0.20521435;10
ar36;Jennions_Backwell;1996;carapace_width;comprimento_corpo;width;linear;18;8;field;random;Decapoda;Austruca;Austruca annulipes;body;weapon;weapon;interm;lift.squeeze;NA;NA;NA;NA;NA;NA;NA;NA;NA;NA;NA;NA;NA;NA;NA;NA;2351;82;19;NA;NA;NA;0.54;0.03;82
ar36;Jennions_Backwell;1996;claw_length;comprimento_arma;length;linear;19;8;field;random;Decapoda;Austruca;Austruca annulipes;weapon;weapon;weapon;interm;lift.squeeze;NA;NA;NA;NA;NA;NA;NA;NA;NA;NA;NA;NA;NA;NA;NA;NA;2203;82;28;NA;NA;NA;0.5;0.02;82
ar43;Kelly;2006;head_length;comprimento_arma;length;linear;20;9;lab;random;Orthoptera;Hemideina;Hemideina crassidens;weapon;weapon;weapon;interm;squeeze.pull;NA;NA;NA;NA;NA;NA;12.3;57;NA;NA;NA;NA;NA;NA;NA;NA;NA;NA;NA;NA;NA;NA;1.03;0.09;57
ar52;MartinerCotrina_et_al;2014;snout-vent_length;comprimento_corpo;length;linear;21;10;lab;random;Lizard;Gonatodes;Gonatodes albogularis;body;weapon;weapon;weapon;squeeze;36.33;2.861.153.613;22;37.92;2.392.112.038;22;NA;NA;NA;NA;NA;NA;NA;NA;NA;NA;NA;NA;NA;NA;NA;NA;0.592097114;0.09599486;22
ar52;MartinerCotrina_et_al;2014;body_mass;massa_corpo;mass;mass;22;10;lab;random;Lizard;Gonatodes;Gonatodes albogularis;body;weapon;weapon;weapon;squeeze;1.43;0.281424946;22;1.53;0.234520788;22;NA;NA;NA;NA;NA;NA;NA;NA;NA;NA;NA;NA;NA;NA;NA;NA;0.379103809;0.09354735;22
ar52;MartinerCotrina_et_al;2014;head_width;comprimento_arma;width;linear;23;10;lab;random;Lizard;Gonatodes;Gonatodes albogularis;weapon;weapon;weapon;weapon;squeeze;5.84;0.469041576;22;5.88;0.469041576;22;NA;NA;NA;NA;NA;NA;NA;NA;NA;NA;NA;NA;NA;NA;NA;NA;0.083746769;0.09192425;22
ar52;MartinerCotrina_et_al;2014;head_height;comprimento_arma;height;linear;24;10;lab;random;Lizard;Gonatodes;Gonatodes albogularis;weapon;weapon;weapon;weapon;squeeze;4.43;0.609754049;22;4.63;0.469041576;22;NA;NA;NA;NA;NA;NA;NA;NA;NA;NA;NA;NA;NA;NA;NA;NA;0.361057958;0.09343883;22
ar57;MolinaBorja_et_al;1998;body_weight;massa_corpo;height;mass;25;11;lab;random;Lizard;Gallotia;Gallotia galloti;body;weapon;weapon;weapon;squeeze;35379;8.246.618.701;20;41052;894.427.191;20;NA;NA;NA;NA;NA;NA;NA;NA;NA;NA;NA;NA;NA;NA;NA;NA;0.646341531;0.10643251;20
ar57;MolinaBorja_et_al;1998;head_length;comprimento_arma;length;linear;26;11;lab;random;Lizard;Gallotia;Gallotia galloti;weapon;weapon;weapon;weapon;squeeze;26644;3.658.207.211;20;27637;3.398.823.326;20;NA;NA;NA;NA;NA;NA;NA;NA;NA;NA;NA;NA;NA;NA;NA;NA;0.275637998;0.10208301;20
ar64;Okada_Miyatake;2004;mandible_length_level3;comprimento_arma;length;linear;27;12;lab;random;Coleoptera;Librodor;Librodor japonicus;weapon;weapon;weapon;interm;push.squeeze.pull.lift;NA;NA;NA;NA;NA;NA;0.13;25;NA;NA;NA;NA;NA;NA;NA;NA;NA;NA;NA;NA;NA;NA;0.14;0.16;25
ar64;Okada_Miyatake;2004;mandible_length_level4;comprimento_arma;length;linear;28;12;lab;random;Coleoptera;Librodor;Librodor japonicus;weapon;weapon;weapon;interm;push.squeeze.pull.lift;NA;NA;NA;NA;NA;NA;4502;30;NA;NA;NA;NA;NA;NA;NA;NA;NA;NA;NA;NA;NA;NA;0.8;0.15;30
ar65;Olsson_Shine;2000;body_mass;massa_corpo;mass;mass;29;13;field;random;Lizard;Carinascincus;Carinascincus microlepidotus;body;visual;body;weapon;squeeze;3.77;0.51;27;3.94;0.51;30;NA;NA;NA;NA;NA;NA;NA;NA;NA;NA;NA;NA;NA;NA;NA;NA;0.328763634;0.0719167;30
ar65;Olsson_Shine;2000;snout-vent_length;comprimento_corpo;length;linear;30;13;field;random;Lizard;Carinascincus;Carinascincus microlepidotus;body;visual;body;weapon;squeeze;62.1;3.04;27;62.4;3.39;30;NA;NA;NA;NA;NA;NA;NA;NA;NA;NA;NA;NA;NA;NA;NA;NA;0.0919;0.0706;30
ar65;Olsson_Shine;2000;head_length;comprimento_arma;length;linear;31;13;field;random;Lizard;Carinascincus;Carinascincus microlepidotus;weapon;visual;body;weapon;squeeze;11.7;0.65;27;11.83;0.54;30;NA;NA;NA;NA;NA;NA;NA;NA;NA;NA;NA;NA;NA;NA;NA;NA;0.214577342;0.07209777;30
ar65;Olsson_Shine;2000;head_width;comprimento_arma;width;linear;32;13;field;random;Lizard;Carinascincus;Carinascincus microlepidotus;weapon;visual;body;weapon;squeeze;8.58;0.52;27;8.53;0.56;30;NA;NA;NA;NA;NA;NA;NA;NA;NA;NA;NA;NA;NA;NA;NA;NA;-0.09126066;0.07074538;30
ar86;Wilson_et_al;2007;claw_size;comprimento_arma;length;linear;33;14;lab;random;Decapoda;Cherax;Cherax dispar;weapon;weapon;weapon;interm;squeeze.push;NA;NA;NA;NA;NA;NA;NA;NA;NA;NA;NA;NA;NA;NA;NA;NA;NA;NA;NA;2.97;32;0.12;0.43;0.06;32
ar86;Wilson_et_al;2007;claw_strength;forca_arma;strength;performance;34;14;lab;random;Decapoda;Cherax;Cherax dispar;weapon;weapon;weapon;interm;squeeze.push;NA;NA;NA;NA;NA;NA;NA;NA;NA;NA;NA;NA;NA;NA;NA;NA;NA;NA;NA;8.64;32;1;0.73;0.07;32
ar88;Yoshino_et_al;2011;shield_length;comprimento_corpo;length;linear;35;15;lab;random;Decapoda;Diogenes;Diogenes nitidimanus;body;no;no;interm;squeeze.push;NA;NA;NA;NA;NA;NA;2.09;66;NA;NA;NA;NA;NA;NA;NA;NA;NA;NA;NA;NA;NA;NA;0.35;0.06;66
ar88;Yoshino_et_al;2011;Claw_length;comprimento_arma;length;linear;36;15;lab;random;Decapoda;Diogenes;Diogenes nitidimanus;weapon;no;no;interm;squeeze.push;NA;NA;NA;NA;NA;NA;3.4;66;NA;NA;NA;NA;NA;NA;NA;NA;NA;NA;NA;NA;NA;NA;0.46;0.06;66
ar94;Lobregat_Peixoto;2020;body_mass;massa_corpo;mass;mass;37;16;field;random;Orthoptera;Melanotes;Melanotes ornata;body;tact;body;interm;impact.push;1.064.589.744;0.6235371;39;1.107.846.154;0.57912156;39;NA;NA;NA;NA;NA;NA;NA;NA;NA;NA;NA;NA;NA;NA;NA;NA;0.711735042;0.05487871;39
ar94;Lobregat_Peixoto;2020;pronotum_length;comprimento_corpo;length;linear;38;16;field;random;Orthoptera;Melanotes;Melanotes ornata;body;tact;body;interm;impact.push;2.633.846.154;0.171811025;39;2.732.564.103;0.175194898;39;NA;NA;NA;NA;NA;NA;NA;NA;NA;NA;NA;NA;NA;NA;NA;NA;0.563306566;0.05364118;39
ar94;Lobregat_Peixoto;2020;femur_length;comprimento_arma;length;linear;39;16;field;random;Orthoptera;Melanotes;Melanotes ornata;weapon;tact;body;interm;impact.push;197.274.359;2.964.000.424;39;2.158.487.179;282.228.712;39;NA;NA;NA;NA;NA;NA;NA;NA;NA;NA;NA;NA;NA;NA;NA;NA;0.635462368;0.05420449;39
ar103;Okada_et_al;2011;body_size;comprimento_corpo;length;linear;40;17;lab;random;Heteroptera;Riptortus;Riptortus pedestris;body;visual;body;interm;push.impact.squeeze;3045;0.155103191;33;3235;0.097657565;33;NA;NA;NA;NA;NA;NA;NA;NA;NA;NA;NA;NA;NA;NA;NA;NA;1.448;0.08004247;33
ar103;Okada_et_al;2011;hind_femur_length;comprimento_arma;length;linear;41;17;lab;random;Heteroptera;Riptortus;Riptortus pedestris;weapon;visual;body;interm;push.impact.squeeze;7514;0.292972695;33;8002;0.258505319;33;NA;NA;NA;NA;NA;NA;NA;NA;NA;NA;NA;NA;NA;NA;NA;NA;1.7455;0.08464458;33
ar105;Kojima_Lin;2017;body_size;comprimento_corpo;length;linear;42;18;lab;random;Coleoptera;Dicronocephalus;Dicronocephalus wallichii;body;tact;body;body;lift.push;NA;NA;NA;NA;NA;NA;10.2;25;NA;NA;NA;NA;NA;NA;NA;NA;NA;NA;NA;NA;NA;NA;1.57;0.26;25
ar105;Kojima_Lin;2017;horn_length;comprimento_corpo;length;linear;43;18;lab;random;Coleoptera;Dicronocephalus;Dicronocephalus wallichii;weapon;tact;body;body;lift.push;NA;NA;NA;NA;NA;NA;16;25;NA;NA;NA;NA;NA;NA;NA;NA;NA;NA;NA;NA;NA;NA;2.53;0.43;25
ar107;Barrette_Vandal;1985;antler_length_adult;comprimento_arma;length;linear;44;19;field;random;Mammalia;Rangifer;Rangifer tarandus;weapon;weapon;weapon;interm;push.impact.lift;NA;NA;NA;NA;NA;NA;9.99;29;NA;NA;NA;NA;NA;NA;NA;NA;NA;NA;NA;NA;NA;NA;1.38;0.21;29
ar107;Barrette_Vandal;1985;antler_length_yearling;comprimento_arma;length;linear;45;19;field;random;Mammalia;Rangifer;Rangifer tarandus;weapon;weapon;weapon;interm;push.impact.lift;NA;NA;NA;NA;NA;NA;11.49;15;NA;NA;NA;NA;NA;NA;NA;NA;NA;NA;NA;NA;NA;NA;3.29;1.08;15
ar109;Songvorawit_et_al;2018;mandible_length;comprimento_arma;length;linear;46;20;lab;random;Coleoptera;Aegus;Aegus chelifer;weapon;tact;body;interm;push.lift.squeeze;6.24;1.29;94;7.16;1.22;94;NA;NA;NA;NA;NA;NA;NA;NA;NA;NA;NA;NA;NA;NA;NA;NA;0.729;0.22;94
ar109;Songvorawit_et_al;2018;pronotum_length;comprimento_corpo;length;linear;47;20;lab;random;Coleoptera;Aegus;Aegus chelifer;body;tact;body;interm;push.lift.squeeze;5;0.38;94;5.26;0.39;94;NA;NA;NA;NA;NA;NA;NA;NA;NA;NA;NA;NA;NA;NA;NA;NA;0.672;0.22;94
ar109;Songvorawit_et_al;2018;pronotum_width;comprimento_corpo;width;linear;48;20;lab;random;Coleoptera;Aegus;Aegus chelifer;body;tact;body;interm;push.lift.squeeze;9.17;0.96;94;9.89;0.93;94;NA;NA;NA;NA;NA;NA;NA;NA;NA;NA;NA;NA;NA;NA;NA;NA;0.758;0.22;94
ar109;Songvorawit_et_al;2018;elytra_length;comprimento_corpo;length;linear;49;20;lab;random;Coleoptera;Aegus;Aegus chelifer;body;tact;body;interm;push.lift.squeeze;11.09;0.76;94;11.53;0.76;94;NA;NA;NA;NA;NA;NA;NA;NA;NA;NA;NA;NA;NA;NA;NA;NA;0.576;0.22;94
ar109;Songvorawit_et_al;2018;head_length;comprimento_arma;length;linear;50;20;lab;random;Coleoptera;Aegus;Aegus chelifer;weapon;tact;body;interm;push.lift.squeeze;3.84;0.45;94;4.18;0.47;94;NA;NA;NA;NA;NA;NA;NA;NA;NA;NA;NA;NA;NA;NA;NA;NA;0.7359;0.0229;94
ar109;Songvorawit_et_al;2018;head_width;comprimento_arma;width;linear;51;20;lab;random;Coleoptera;Aegus;Aegus chelifer;weapon;tact;body;interm;push.lift.squeeze;7.94;0.96;94;8.71;1;94;NA;NA;NA;NA;NA;NA;NA;NA;NA;NA;NA;NA;NA;NA;NA;NA;0.7823;0.0229;94
ar110;Okada_et_al;2006;mandible_length;comprimento_arma;length;linear;52;21;lab;random;Coleoptera;Gnatocerus;Gnatocerus cornutus;weapon;weapon;weapon;interm;push.lift.squeeze;0.33;0.07;34;0.37;0.07;34;NA;NA;NA;NA;NA;NA;NA;NA;NA;NA;NA;NA;NA;NA;NA;NA;0.564;0.061;34
ar111;Okada_Miyatake;2007;mandible_length;comprimento_arma;length;linear;53;22;lab;random;Coleoptera;Librodor;Librodor japonicus;weapon;weapon;weapon;interm;push.squeeze.pull.lift;NA;NA;NA;NA;NA;NA;12588;88;NA;NA;NA;NA;NA;NA;NA;NA;NA;NA;NA;NA;NA;NA;0.81;0.05;88
ar112;Walker_Holwell;2018;chelicerae_length;comprimento_arma;length;linear;54;23;lab;random;Arachnida;Cambridgea;Cambridgea foliata;weapon;tact;body;body;push;59.769;0.92495;68;64.589;0.681;66;NA;NA;NA;NA;NA;NA;NA;NA;NA;NA;NA;NA;NA;NA;NA;NA;0.59;0.0312;66
ar112;Walker_Holwell;2018;body_size;comprimento_corpo;length;linear;55;23;lab;random;Arachnida;Cambridgea;Cambridgea foliata;body;tact;body;body;push;59.804;0.5706;68;6.182;0.4454;66;NA;NA;NA;NA;NA;NA;NA;NA;NA;NA;NA;NA;NA;NA;NA;NA;0.3916;0.0304;66
ar113;Murray_Holwell;2018;leg_length;comprimento_arma;length;linear;56;24;lab;random;Orthoptera;Pachyrhamma;Pachyrhamma waitomoensis;weapon;tact;body;body;impact.push;1.206.347.826;7.217.701;46;1.276.933.333;6.719.287.029;45;NA;NA;NA;NA;NA;NA;NA;NA;NA;NA;NA;NA;NA;NA;NA;NA;1.003;0.0497;45
ar113;Murray_Holwell;2018;pronotum_length;comprimento_corpo;length;linear;57;24;lab;random;Orthoptera;Pachyrhamma;Pachyrhamma waitomoensis;body;tact;body;body;impact.push;6.706.521.739;0.484723139;46;6.843.333.333;0.441793864;45;NA;NA;NA;NA;NA;NA;NA;NA;NA;NA;NA;NA;NA;NA;NA;NA;0.2925;0.044;45
ar115;Ida_Wada;2017;carapace_width;comprimento_corpo;width;linear;58;25;field;random;Decapoda;Scopimera;Scopimera globosa;body;weapon;weapon;body;push;NA;NA;NA;NA;NA;NA;3.44;92;NA;NA;NA;NA;NA;NA;NA;NA;NA;NA;NA;NA;NA;NA;0.39;0.04;92
ar115;Ida_Wada;2017;leg_length;comprimento_arma;length;linear;59;25;field;random;Decapoda;Scopimera;Scopimera globosa;weapon;weapon;weapon;body;push;NA;NA;NA;NA;NA;NA;14.32;92;NA;NA;NA;NA;NA;NA;NA;NA;NA;NA;NA;NA;NA;NA;0.85;0.05;92
ar116;Obrien_Boisseau;2018;prothorax_width;comprimento_corpo;width;linear;60;26;field;random;Coleoptera;Sagra;Sagra femorata;body;no;no;interm;lift.squeeze;4.028.723.404;0.335569598;96;4.268.947.368;1.235.773.919;96;NA;NA;NA;NA;NA;NA;NA;NA;NA;NA;NA;NA;NA;NA;NA;NA;0.2643;0.0212;96
ar116;Obrien_Boisseau;2018;elytra_length;comprimento_corpo;length;linear;61;26;field;random;Coleoptera;Sagra;Sagra femorata;body;no;no;interm;lift.squeeze;1.346.875;122.614.608;96;136.875;1.442.457.698;96;NA;NA;NA;NA;NA;NA;NA;NA;NA;NA;NA;NA;NA;NA;NA;NA;0.1628;0.021;96
ar116;Obrien_Boisseau;2018;femur_width;comprimento_arma;width;linear;62;26;field;random;Coleoptera;Sagra;Sagra femorata;weapon;no;no;interm;lift.squeeze;3.446.808.511;0.307854919;96;3.630.526.316;0.847031573;96;NA;NA;NA;NA;NA;NA;NA;NA;NA;NA;NA;NA;NA;NA;NA;NA;0.2871;0.0212;96
ar116;Obrien_Boisseau;2018;femur_length;comprimento_arma;length;linear;63;26;field;random;Coleoptera;Sagra;Sagra femorata;weapon;no;no;interm;lift.squeeze;9.578.125;1.123.640.992;96;1.003.229.167;0.881803749;96;NA;NA;NA;NA;NA;NA;NA;NA;NA;NA;NA;NA;NA;NA;NA;NA;0.4479;0.0214;96
ar117;Noel_et_al;2017;femur_length;comprimento_arma;length;linear;64;27;lab;random;Hemiptera;Narnia;Narnia fermorata;weapon;weapon;weapon;weapon;squeeze.impact;5.949.944.444;0.888210172;10;6.323.277.778;0.7581502;10;NA;NA;NA;NA;NA;NA;NA;NA;NA;NA;NA;NA;NA;NA;NA;NA;0.4329683;0.2086903;10
ar117;Noel_et_al;2017;femur_width;comprimento_arma;width;linear;65;27;lab;random;Hemiptera;Narnia;Narnia fermorata;weapon;weapon;weapon;weapon;squeeze.impact;1.123;0.260096076;10;1.231.194.444;0.228094031;10;NA;NA;NA;NA;NA;NA;NA;NA;NA;NA;NA;NA;NA;NA;NA;NA;0.423565;0.2084453;10
ar117;Noel_et_al;2017;femur_area;comprimento_arma;area;area;66;27;lab;random;Hemiptera;Narnia;Narnia fermorata;weapon;weapon;weapon;weapon;squeeze.impact;6.299.777.778;196.658.609;10;7.275.583.333;1.921.504.619;10;NA;NA;NA;NA;NA;NA;NA;NA;NA;NA;NA;NA;NA;NA;NA;NA;0.48065437;0.2096856;10
ar117;Noel_et_al;2017;pronotum_length;comprimento_corpo;length;linear;67;27;lab;random;Hemiptera;Narnia;Narnia fermorata;body;weapon;weapon;weapon;squeeze.impact;3.603;0.484735542;12;3.899;0.44280275;13;NA;NA;NA;NA;NA;NA;NA;NA;NA;NA;NA;NA;NA;NA;NA;NA;0.61653886;0.171427;13
ar117;Noel_et_al;2017;femur_length;comprimento_arma;length;linear;68;27;lab;random;Hemiptera;Narnia;Narnia fermorata;weapon;weapon;weapon;weapon;squeeze.impact;59.872;0.830489705;10;60.732;0.793514841;10;NA;NA;NA;NA;NA;NA;NA;NA;NA;NA;NA;NA;NA;NA;NA;NA;0.10139905;0.2040595;10
ar117;Noel_et_al;2017;femur_width;comprimento_arma;width;linear;69;27;lab;random;Hemiptera;Narnia;Narnia fermorata;weapon;weapon;weapon;weapon;squeeze.impact;116.955;0.268431188;10;117.975;0.292924549;10;NA;NA;NA;NA;NA;NA;NA;NA;NA;NA;NA;NA;NA;NA;NA;NA;0.03476836;0.2038281;10
ar117;Noel_et_al;2017;femur_area;comprimento_arma;area;area;70;27;lab;random;Hemiptera;Narnia;Narnia fermorata;weapon;weapon;weapon;weapon;squeeze.impact;6.547.175;2.032.014.552;10;671.365;2.235.256.489;10;NA;NA;NA;NA;NA;NA;NA;NA;NA;NA;NA;NA;NA;NA;NA;NA;0.0746349;0.20394;10
ar117;Noel_et_al;2017;pronotum_length;comprimento_corpo;length;linear;71;27;lab;random;Hemiptera;Narnia;Narnia fermorata;body;weapon;weapon;weapon;squeeze.impact;3.662;0.562130339;11;3.785.590.909;0.500706342;11;NA;NA;NA;NA;NA;NA;NA;NA;NA;NA;NA;NA;NA;NA;NA;NA;0.22334486;0.1862367;11
ar117;Noel_et_al;2017;femur_length;comprimento_arma;length;linear;72;27;lab;random;Hemiptera;Narnia;Narnia fermorata;weapon;weapon;weapon;weapon;squeeze.impact;57.926.875;0.409560047;4;6.238;0.680466292;4;NA;NA;NA;NA;NA;NA;NA;NA;NA;NA;NA;NA;NA;NA;NA;NA;0.68877318;0.5393745;4
ar117;Noel_et_al;2017;femur_width;comprimento_arma;width;linear;73;27;lab;random;Hemiptera;Narnia;Narnia fermorata;weapon;weapon;weapon;weapon;squeeze.impact;107.475;0.197101602;4;1.219.875;0.243520918;4;NA;NA;NA;NA;NA;NA;NA;NA;NA;NA;NA;NA;NA;NA;NA;NA;0.56903892;0.5242519;4
ar117;Noel_et_al;2017;femur_area;comprimento_arma;area;area;74;27;lab;random;Hemiptera;Narnia;Narnia fermorata;weapon;weapon;weapon;weapon;squeeze.impact;56.555.625;1.213.648.792;4;7.043;1.825.156.626;4;NA;NA;NA;NA;NA;NA;NA;NA;NA;NA;NA;NA;NA;NA;NA;NA;0.77759554;0.5467147;4
ar117;Noel_et_al;2017;pronotum_length;comprimento_corpo;length;linear;75;27;lab;random;Hemiptera;Narnia;Narnia fermorata;body;weapon;weapon;weapon;squeeze.impact;3.665.166.667;0.357237409;6;3.906;0.386063391;6;NA;NA;NA;NA;NA;NA;NA;NA;NA;NA;NA;NA;NA;NA;NA;NA;0.59749963;0.3558737;6
ar118;Nguyen_Stahlschmidt;2019;head_width;comprimento_arma;width;linear;76;28;lab;random;Orthoptera;Gryllus;Gryllus firmus;weapon;weapon;weapon;body;lift.impact;5.466.666.667;0.574401993;140;5.757.714.286;0.515423985;140;NA;NA;NA;NA;NA;NA;NA;NA;NA;NA;NA;NA;NA;NA;NA;NA;0.5318968;0.01482286;140
ar118;Nguyen_Stahlschmidt;2019;femur_length;comprimento_corpo;length;linear;77;28;lab;random;Orthoptera;Gryllus;Gryllus firmus;body;weapon;weapon;weapon;lift.impact;115.617.381;1.048.697.831;140;1.202.052.758;0.930700501;139;NA;NA;NA;NA;NA;NA;NA;NA;NA;NA;NA;NA;NA;NA;NA;NA;0.4614889;0.01474371;139
ar118;Nguyen_Stahlschmidt;2019;body_mass;massa_corpo;mass;mass;78;28;lab;random;Orthoptera;Gryllus;Gryllus firmus;body;weapon;weapon;body;lift.impact;5.923.457.143;1.426.569.127;140;6.713.978.571;1.247.151.387;140;NA;NA;NA;NA;NA;NA;NA;NA;NA;NA;NA;NA;NA;NA;NA;NA;0.5884066;0.01494128;140
ar120;Rink_et_al;2019;body_length;comprimento_corpo;length;linear;79;29;field;random;Coleoptera;Heterochelus;Heterochelus chiragricus;body;weapon;weapon;interm;lift.squeeze;8.166.794.872;0.583837126;156;8.617.682.927;0.563902482;164;NA;NA;NA;NA;NA;NA;NA;NA;NA;NA;NA;NA;NA;NA;NA;NA;0.7837;0.0135;164
ar120;Rink_et_al;2019;femur_size;comprimento_arma;length;linear;80;29;field;random;Coleoptera;Heterochelus;Heterochelus chiragricus;weapon;weapon;weapon;interm;lift.squeeze;6.404.105.523;0.669357046;153;695.002.288;0.641053883;158;NA;NA;NA;NA;NA;NA;NA;NA;NA;NA;NA;NA;NA;NA;NA;NA;0.831;0.014;158
ar120;Rink_et_al;2019;tibia_size;comprimento_arma;length;linear;81;29;field;random;Coleoptera;Heterochelus;Heterochelus chiragricus;weapon;weapon;weapon;interm;lift.squeeze;4.562.109.346;0.425279389;157;487.217.373;0.412508307;158;NA;NA;NA;NA;NA;NA;NA;NA;NA;NA;NA;NA;NA;NA;NA;NA;0.7383;0.136;158
ar121;Umbers_et_al;2013;pronotum_length;comprimento_corpo;length;linear;82;30;lab;random;Orthoptera;Kosciuscola;Kosciuscola tristis;body;weapon;weapon;weapon;squeeze.impact;3.832.758.621;0.226398772;29;38.845;0.227629366;40;NA;NA;NA;NA;NA;NA;NA;NA;NA;NA;NA;NA;NA;NA;NA;NA;0.2254;0.0603;40
ar121;Umbers_et_al;2013;weight;massa_corpo;mass;mass;83;30;lab;random;Orthoptera;Kosciuscola;Kosciuscola tristis;body;weapon;weapon;weapon;squeeze.impact;0.233793103;0.04959938;29;0.24725;0.045853026;40;NA;NA;NA;NA;NA;NA;NA;NA;NA;NA;NA;NA;NA;NA;NA;NA;0.2786;0.614;40
ar121;Umbers_et_al;2013;mandible_length;comprimento_arma;length;linear;84;30;lab;random;Orthoptera;Kosciuscola;Kosciuscola tristis;weapon;weapon;weapon;weapon;squeeze.impact;2.290.344.828;0.110888707;29;231.925;0.101258428;40;NA;NA;NA;NA;NA;NA;NA;NA;NA;NA;NA;NA;NA;NA;NA;NA;0.2692;0.0614;40
ar122;Souza_et_al;2019;carapace_length;comprimento_corpo;length;linear;85;31;lab;random;Decapoda;Carcinus;Carcinus maenas;body;weapon;weapon;interm;push.impact.squeeze;4.171.818.182;3.271.341.121;22;4.303.375;476.697.231;16;NA;NA;NA;NA;NA;NA;NA;NA;NA;NA;NA;NA;NA;NA;NA;NA;0.315;0.1178;22
ar122;Souza_et_al;2019;claw_length;comprimento_arma;length;linear;86;31;lab;random;Decapoda;Carcinus;Carcinus maenas;weapon;weapon;weapon;interm;push.impact.squeeze;2.247.272.727;2.542.322.114;22;23.541.875;3.672.830.369;16;NA;NA;NA;NA;NA;NA;NA;NA;NA;NA;NA;NA;NA;NA;NA;NA;0.3314;0.1178;22
ar122;Souza_et_al;2019;claw_height;comprimento_arma;height;linear;87;31;lab;random;Decapoda;Carcinus;Carcinus maenas;weapon;weapon;weapon;interm;push.impact.squeeze;9.098.181.818;1.073.657.019;22;9.679.375;1.407.363.818;16;NA;NA;NA;NA;NA;NA;NA;NA;NA;NA;NA;NA;NA;NA;NA;NA;0.4546;0.1178;22
ar123;Potter_et_al;1976;tarsus_1_length;comprimento_arma;length;linear;88;32;lab;random;Acari;Tetranychus;Tetranychus urticae;weapon;weapon;weapon;interm;pierce.push;NA;NA;NA;NA;NA;NA;6.25;18;NA;NA;NA;NA;NA;NA;NA;NA;NA;NA;NA;NA;NA;NA;1.35;0.33;18
ar123;Potter_et_al;1976;distance_prodorsals;comprimento_corpo;length;linear;89;32;lab;random;Acari;Tetranychus;Tetranychus urticae;body;weapon;weapon;interm;pierce.push;NA;NA;NA;NA;NA;NA;4.57;16;NA;NA;NA;NA;NA;NA;NA;NA;NA;NA;NA;NA;NA;NA;1.16;0.33;16
ar124;Sun_et_al;2019;forearm_length;comprimento_arma;length;linear;90;33;lab;random;Mammalia;Hipposideros;Hipposideros armiger;weapon;visual;body;weapon;impact;95.74;2.29;63;95.95;2.35;63;NA;NA;NA;NA;NA;NA;NA;NA;NA;NA;NA;NA;NA;NA;NA;NA;0.08996095;0.03177815;63
ar124;Sun_et_al;2019;body_mass;massa_corpo;mass;mass;91;33;lab;random;Mammalia;Hipposideros;Hipposideros armiger;body;visual;body;weapon;impact;61.74;8.86;63;64.86;8.89;63;NA;NA;NA;NA;NA;NA;NA;NA;NA;NA;NA;NA;NA;NA;NA;NA;0.34941748;0.03223053;63
DATA1;Graham_Angiletta;2020;cephalothorax_length;comprimento_corpo;length;linear;92;34;lab;random;Decapoda;Cambarus;Cambarus carinirostris;body;tact;body;interm;squeeze.push;239.054;4.357.994.395;50;302.172;4.955.784.104;50;NA;NA;NA;NA;NA;NA;NA;NA;NA;NA;NA;NA;NA;NA;NA;NA;1.3422;0.04900754;50
DATA1;Graham_Angiletta;2020;right_claw_length;comprimento_arma;length;linear;93;34;lab;random;Decapoda;Cambarus;Cambarus carinirostris;weapon;tact;body;interm;squeeze.push;1.532.836.735;4.277.644.575;49;21.411;4.893.076.012;50;NA;NA;NA;NA;NA;NA;NA;NA;NA;NA;NA;NA;NA;NA;NA;NA;1.3123;0.04910696;49
DATA1;Graham_Angiletta;2020;left_claw_length;comprimento_arma;length;linear;94;34;lab;random;Decapoda;Cambarus;Cambarus carinirostris;weapon;tact;body;interm;squeeze.push;1.511.204.082;4.103.089.781;49;212.256;4.641.501.411;50;NA;NA;NA;NA;NA;NA;NA;NA;NA;NA;NA;NA;NA;NA;NA;NA;1.3839;0.0500809;49
DATA1;Graham_Angiletta;2020;right_claw_strength;forca_arma;strength;performance;95;34;lab;random;Decapoda;Cambarus;Cambarus carinirostris;weapon;tact;body;interm;squeeze.push;9.353.022.429;5.654.967.209;49;1.093.876.014;6.897.766.214;50;NA;NA;NA;NA;NA;NA;NA;NA;NA;NA;NA;NA;NA;NA;NA;NA;0.24922129;0.04072186;49
DATA1;Graham_Angiletta;2020;left_claw_strength;forca_arma;strength;performance;96;34;lab;random;Decapoda;Cambarus;Cambarus carinirostris;weapon;tact;body;interm;squeeze.push;6.777.302.571;4.892.806.383;49;1.081.905.804;511.743.449;50;NA;NA;NA;NA;NA;NA;NA;NA;NA;NA;NA;NA;NA;NA;NA;NA;0.80087472;0.04364756;49
DATA1;Graham_Angiletta;2020;cephalothorax_length;comprimento_corpo;length;linear;97;34;lab;random;Decapoda;Cambarus;Cambarus robustus;body;tact;body;interm;squeeze.push;305.295;721.966.863;40;3.844.675;5.144.260.624;40;NA;NA;NA;NA;NA;NA;NA;NA;NA;NA;NA;NA;NA;NA;NA;NA;1.2504;0.05977876;40
DATA1;Graham_Angiletta;2020;right_claw_length;comprimento_arma;length;linear;98;34;lab;random;Decapoda;Cambarus;Cambarus robustus;weapon;tact;body;interm;squeeze.push;2.109.475;6.843.483.514;40;3.049.236.842;3.632.782.743;38;NA;NA;NA;NA;NA;NA;NA;NA;NA;NA;NA;NA;NA;NA;NA;NA;1.695;0.0695365;40
DATA1;Graham_Angiletta;2020;left_claw_length;comprimento_arma;length;linear;99;34;lab;random;Decapoda;Cambarus;Cambarus robustus;weapon;tact;body;interm;squeeze.push;2.044.225;625.436.032;40;2.989.157.895;36.568.104;38;NA;NA;NA;NA;NA;NA;NA;NA;NA;NA;NA;NA;NA;NA;NA;NA;1.8145;0.07242245;40
DATA1;Graham_Angiletta;2020;right_claw_strength;forca_arma;strength;performance;100;34;lab;random;Decapoda;Cambarus;Cambarus robustus;weapon;tact;body;interm;squeeze.push;151.931.136;6.840.327.777;40;145.262.019;557.291.915;40;NA;NA;NA;NA;NA;NA;NA;NA;NA;NA;NA;NA;NA;NA;NA;NA;-0.10586418;0.05007005;40
DATA1;Graham_Angiletta;2020;left_claw_strength;forca_arma;strength;performance;101;34;lab;random;Decapoda;Cambarus;Cambarus robustus;weapon;tact;body;interm;squeeze.push;9.868.130.475;526.193.937;40;1.602.750.765;6.752.479.752;40;NA;NA;NA;NA;NA;NA;NA;NA;NA;NA;NA;NA;NA;NA;NA;NA;1.007;0.05634674;40
DATA1;Graham_Angiletta;2020;cephalothorax_length;comprimento_corpo;length;linear;102;34;lab;random;Decapoda;Faxonius;Faxonius obscurus;body;tact;body;interm;squeeze.push;2.961.933.333;4.785.926.355;60;3.380.816.667;2.660.545.689;60;NA;NA;NA;NA;NA;NA;NA;NA;NA;NA;NA;NA;NA;NA;NA;NA;1.0745;0.03814803;60
DATA1;Graham_Angiletta;2020;right_claw_length;comprimento_arma;length;linear;103;34;lab;random;Decapoda;Faxonius;Faxonius obscurus;weapon;tact;body;interm;squeeze.push;2.522.982.143;6.754.686.048;56;3.096.888.889;6.514.405.421;54;NA;NA;NA;NA;NA;NA;NA;NA;NA;NA;NA;NA;NA;NA;NA;NA;0.85857596;0.03972636;56
DATA1;Graham_Angiletta;2020;left_claw_length;comprimento_arma;length;linear;104;34;lab;random;Decapoda;Faxonius;Faxonius obscurus;weapon;tact;body;interm;squeeze.push;2.378.677.966;6.469.854.883;59;2.959.071.429;6.763.961.415;56;NA;NA;NA;NA;NA;NA;NA;NA;NA;NA;NA;NA;NA;NA;NA;NA;0.87159924;0.03810927;59
DATA1;Graham_Angiletta;2020;right_claw_strength;forca_arma;strength;performance;105;34;lab;random;Decapoda;Faxonius;Faxonius obscurus;weapon;tact;body;interm;squeeze.push;1.196.428.238;4.477.035.517;56;1.109.433.189;5.495.894.202;54;NA;NA;NA;NA;NA;NA;NA;NA;NA;NA;NA;NA;NA;NA;NA;NA;-0.17267407;0.03651119;56
DATA1;Graham_Angiletta;2020;left_claw_strength;forca_arma;strength;performance;106;34;lab;random;Decapoda;Faxonius;Faxonius obscurus;weapon;tact;body;interm;squeeze.push;10.169.649;5.643.128.987;59;1.390.674.713;3.964.820.216;56;NA;NA;NA;NA;NA;NA;NA;NA;NA;NA;NA;NA;NA;NA;NA;NA;0.75781262;0.03730316;59
ar76;Sneddon_et_al;2000;major_claw_strength;forca_arma;strength;performance;107;36;lab;paired;Decapoda;Carcinus;Carcinus maenas;weapon;weapon;weapon;interm;push.impact.squeeze;76.787;2.746.166.555;27;94.818;3.230.967.576;27;NA;NA;NA;NA;NA;NA;NA;NA;NA;NA;NA;NA;NA;NA;NA;NA;0.592635406;0.07807282;
ar76;Sneddon_et_al;2000;major_claw_dry_weight;massa_arma;mass;mass;108;36;lab;paired;Decapoda;Carcinus;Carcinus maenas;weapon;weapon;weapon;interm;push.impact.squeeze;2.1;8.417.766.925;27;4.315;3.221.614.502;27;NA;NA;NA;NA;NA;NA;NA;NA;NA;NA;NA;NA;NA;NA;NA;NA;0.342503366;0.07641046;
ar75;Sneddon_et_al;1997;carapace_width;comprimento_corpo;length;linear;109;35;lab;paired;Decapoda;Carcinus;Carcinus maenas;body;weapon;weapon;interm;push.impact.squeeze;NA;NA;NA;NA;NA;NA;1.6;46;NA;NA;NA;NA;NA;NA;NA;NA;NA;NA;NA;NA;NA;NA;0.37;0.09;
ar75;Sneddon_et_al;1997;claw_dry_weight;massa_arma;mass;mass;110;35;lab;paired;Decapoda;Carcinus;Carcinus maenas;weapon;weapon;weapon;interm;push.impact.squeeze;3.02;1.507.887.927;14;3.728;1.799.737.203;14;NA;NA;NA;NA;NA;NA;NA;NA;NA;NA;NA;NA;NA;NA;NA;NA;0.414003932;0.14820246;
ar75;Sneddon_et_al;1997;surface_area_major_claw;comprimento_arma;area;area;111;35;lab;paired;Decapoda;Carcinus;Carcinus maenas;weapon;weapon;weapon;interm;push.impact.squeeze;1.49;0.389132368;14;1.71;0.460223859;14;NA;NA;NA;NA;NA;NA;NA;NA;NA;NA;NA;NA;NA;NA;NA;NA;0.501173806;0.14967895;
ar75;Sneddon_et_al;1997;claw_length;comprimento_arma;length;linear;112;35;lab;paired;Decapoda;Carcinus;Carcinus maenas;weapon;weapon;weapon;interm;push.impact.squeeze;NA;NA;NA;NA;NA;NA;4.08;46;NA;NA;NA;NA;NA;NA;NA;NA;NA;NA;NA;NA;NA;NA;0.61;0.09;
ar67;Palaoro_et_al;2014;carapace_length;comprimento_corpo;length;linear;113;2;lab;paired;Decapoda;Aegla;Aegla longirostri;body;tact;body;interm;squeeze.pull;20.54;1.985.382.295;15;2.060.866.667;2.068.529.038;15;NA;NA;NA;NA;NA;NA;NA;NA;NA;NA;NA;NA;NA;NA;NA;NA;0.03295285;0.13524651;
ar67;Palaoro_et_al;2014;claw_height;comprimento_arma;height;linear;114;2;lab;paired;Decapoda;Aegla;Aegla longirostri;weapon;tact;body;interm;squeeze.pull;8.158;1.519.446.328;15;8.205.333.333;1.538.221.917;15;NA;NA;NA;NA;NA;NA;NA;NA;NA;NA;NA;NA;NA;NA;NA;NA;0.03012181;0.13524347;
ar67;Palaoro_et_al;2014;claw_length;comprimento_arma;length;linear;115;2;lab;paired;Decapoda;Aegla;Aegla longirostri;weapon;tact;body;interm;squeeze.pull;1.412.333.333;2.480.407.993;15;1.415.533.333;2.464.956.872;15;NA;NA;NA;NA;NA;NA;NA;NA;NA;NA;NA;NA;NA;NA;NA;NA;0.01259;0.1352;
ar67;Palaoro_et_al;2014;claw_strength;forca_arma;strength;performance;116;2;lab;paired;Decapoda;Aegla;Aegla longirostri;weapon;tact;body;interm;squeeze.pull;0.215847622;0.092517963;15;0.21565645;0.099935803;15;NA;NA;NA;NA;NA;NA;NA;NA;NA;NA;NA;NA;NA;NA;NA;NA;-0.00193;0.1352;
ar89;Dalosto_et_al;2013;claw_length;comprimento_arma;length;linear;117;37;lab;paired;Decapoda;Parastacus;Parastacus brasiliensis;weapon;tact;weapon;interm;push.pull.squeeze;2.026.428.571;4.741.519.121;7;2.049.142.857;5.613.501.369;7;NA;NA;NA;NA;NA;NA;NA;NA;NA;NA;NA;NA;NA;NA;NA;NA;0.04091595;0.29205851;
ar89;Dalosto_et_al;2013;carapace_length;comprimento_corpo;length;linear;118;37;lab;paired;Decapoda;Parastacus;Parastacus brasiliensis;body;tact;weapon;interm;push.pull.squeeze;2.752.571.429;3.662.129.877;7;2.785.428.571;4.374.276.539;7;NA;NA;NA;NA;NA;NA;NA;NA;NA;NA;NA;NA;NA;NA;NA;NA;0.07623392;0.29221438;
ar89;Dalosto_et_al;2013;claw_length;comprimento_arma;length;linear;119;37;lab;paired;Decapoda;Parastacus;Parastacus pilimanus;weapon;tact;weapon;interm;push.pull.squeeze;1.787.666.667;3.534.162.796;6;1.749.666.667;2.789.994.026;6;NA;NA;NA;NA;NA;NA;NA;NA;NA;NA;NA;NA;NA;NA;NA;NA;-0.11013031;0.34112796;
ar89;Dalosto_et_al;2013;carapace_length;comprimento_corpo;length;linear;120;37;lab;paired;Decapoda;Parastacus;Parastacus pilimanus;body;tact;weapon;interm;push.pull.squeeze;2.522.166.667;2.217.569.991;6;24.57;2.093.198.509;6;NA;NA;NA;NA;NA;NA;NA;NA;NA;NA;NA;NA;NA;NA;NA;NA;-0.2788702;0.34390563;
ar25;Guiasu_Dunham;1997;cephalothorax_length;comprimento_corpo;length;linear;121;38;lab;paired;Decapoda;Cambarus;Cambarus robustus;body;tact;body;interm;squeeze.push;38.56;4.1;27;39.97;4.35;27;NA;NA;NA;NA;NA;NA;NA;NA;NA;NA;NA;NA;NA;NA;NA;NA;0.328743419;0.07572056;
ar25;Guiasu_Dunham;1997;right_claw_length;comprimento_arma;length;linear;122;38;lab;paired;Decapoda;Cambarus;Cambarus robustus;weapon;tact;body;interm;squeeze.push;36.21;7.06;27;39.34;8.29;27;NA;NA;NA;NA;NA;NA;NA;NA;NA;NA;NA;NA;NA;NA;NA;NA;0.400618311;0.07624459;
ar25;Guiasu_Dunham;1997;left_claw_length;comprimento_arma;length;linear;123;38;lab;paired;Decapoda;Cambarus;Cambarus robustus;weapon;tact;body;interm;squeeze.push;36.13;7.33;27;38.92;7.54;27;NA;NA;NA;NA;NA;NA;NA;NA;NA;NA;NA;NA;NA;NA;NA;NA;0.369772479;0.07598569;
ar25;Guiasu_Dunham;1997;right_claw_width;comprimento_arma;width;linear;124;38;lab;paired;Decapoda;Cambarus;Cambarus robustus;weapon;tact;body;interm;squeeze.push;15.95;2.47;27;17.09;3.78;27;NA;NA;NA;NA;NA;NA;NA;NA;NA;NA;NA;NA;NA;NA;NA;NA;0.351862796;0.07605041;
ar25;Guiasu_Dunham;1997;left_claw_width;comprimento_arma;width;linear;125;38;lab;paired;Decapoda;Cambarus;Cambarus robustus;weapon;tact;body;interm;squeeze.push;15.73;3.07;27;16.86;2.8;27;NA;NA;NA;NA;NA;NA;NA;NA;NA;NA;NA;NA;NA;NA;NA;NA;0.379023437;0.07606066;
ar25;Guiasu_Dunham;1997;wet_weight;massa_corpo;mass;mass;126;38;lab;paired;Decapoda;Cambarus;Cambarus robustus;body;tact;body;interm;squeeze.push;22.07;8.16;27;25.72;9.96;27;NA;NA;NA;NA;NA;NA;NA;NA;NA;NA;NA;NA;NA;NA;NA;NA;0.395081798;0.07622186;
ar39;Judge_and_Bonanno;2008;E2_maxillae_span;comprimento_arma;length;linear;127;39;lab;paired;Orthoptera;Gryllus;Gryllus pennsylvanicus;weapon;weapon;weapon;interm;squeeze.push;4.4;0.38;39;4.51;0.49;39;NA;NA;NA;NA;NA;NA;NA;NA;NA;NA;NA;NA;NA;NA;NA;NA;0.2483;0.052;
ar39;Judge_and_Bonanno;2008;E2_maxillae_length;comprimento_arma;length;linear;128;39;lab;paired;Orthoptera;Gryllus;Gryllus pennsylvanicus;weapon;weapon;weapon;interm;squeeze.push;3.33;0.33;39;3.41;0.39;39;NA;NA;NA;NA;NA;NA;NA;NA;NA;NA;NA;NA;NA;NA;NA;NA;0.2192;0.051;
ar39;Judge_and_Bonanno;2008;E2_mandible_length;comprimento_arma;length;linear;129;39;lab;paired;Orthoptera;Gryllus;Gryllus pennsylvanicus;weapon;weapon;weapon;interm;squeeze.push;2.41;0.22;39;2.47;0.28;39;NA;NA;NA;NA;NA;NA;NA;NA;NA;NA;NA;NA;NA;NA;NA;NA;0.2359;0.051;
ar39;Judge_and_Bonanno;2008;E2_mandible_length_asymmetry;assimetria_arma;asym;asymmetry;130;39;lab;paired;Orthoptera;Gryllus;Gryllus pennsylvanicus;weapon;weapon;weapon;interm;squeeze.push;0.08;0.03;39;0.08;0.03;39;NA;NA;NA;NA;NA;NA;NA;NA;NA;NA;NA;NA;NA;NA;NA;NA;0;0.051;
ar39;Judge_and_Bonanno;2008;E2_head_width;comprimento_corpo;width;linear;131;39;lab;paired;Orthoptera;Gryllus;Gryllus pennsylvanicus;body;weapon;weapon;interm;squeeze.push;4.52;0.34;39;4.62;0.42;39;NA;NA;NA;NA;NA;NA;NA;NA;NA;NA;NA;NA;NA;NA;NA;NA;0.2591;0.052;
ar39;Judge_and_Bonanno;2008;E2_pronotum_length;comprimento_corpo;length;linear;132;39;lab;paired;Orthoptera;Gryllus;Gryllus pennsylvanicus;body;weapon;weapon;interm;squeeze.push;2.89;0.26;39;2.95;0.28;39;NA;NA;NA;NA;NA;NA;NA;NA;NA;NA;NA;NA;NA;NA;NA;NA;0.2198;0.051;
ar40;Judge_et_al;2010;E1_maxillae_span;comprimento_arma;length;linear;133;40;lab;paired;Orthoptera;Gryllus;Gryllus pennsylvanicus;weapon;weapon;weapon;interm;squeeze.push;NA;NA;NA;NA;NA;NA;7085;67;NA;NA;NA;NA;NA;NA;NA;NA;NA;NA;NA;NA;NA;NA;0.67;0.07;
ar40;Judge_et_al;2010;E2_maxillae_span;comprimento_arma;length;linear;134;40;lab;paired;Orthoptera;Gryllus;Gryllus pennsylvanicus;weapon;weapon;weapon;interm;squeeze.push;NA;NA;NA;NA;NA;NA;5995;40;NA;NA;NA;NA;NA;NA;NA;NA;NA;NA;NA;NA;NA;NA;0.81;0.12;
ar48;Lailvaux_Irschick;2007;snout-vent_length;comprimento_corpo;length;linear;135;41;lab;paired;Lizard;Anolis;Anolis carolinensis;body;weapon;weapon;weapon;squeeze;NA;NA;NA;NA;NA;NA;NA;NA;NA;NA;NA;NA;NA;1.34;19;196;NA;NA;NA;NA;NA;NA;0.43;0.1;
ar48;Lailvaux_Irschick;2007;bite_force;forca_arma;strength;performance;136;41;lab;paired;Lizard;Anolis;Anolis carolinensis;weapon;weapon;weapon;weapon;squeeze;10.236;2.624.057.164;19;11.44;1.970.222.322;19;NA;NA;NA;NA;NA;NA;NA;NA;NA;NA;NA;NA;NA;NA;NA;NA;0.508002796;0.1101953;
ar48;Lailvaux_Irschick;2007;snout-vent_length;comprimento_corpo;length;linear;137;41;lab;paired;Lizard;Anolis;Anolis sagrei;body;weapon;weapon;weapon;squeeze;NA;NA;NA;NA;NA;NA;NA;NA;NA;NA;NA;NA;NA;1.03;24;315;NA;NA;NA;NA;NA;NA;0.29;0.08;
ar48;Lailvaux_Irschick;2007;bite_force;forca_arma;strength;performance;138;41;lab;paired;Lizard;Anolis;Anolis sagrei;weapon;weapon;weapon;weapon;squeeze;7.225;0.739745902;24;7.677;1.107.169.364;24;NA;NA;NA;NA;NA;NA;NA;NA;NA;NA;NA;NA;NA;NA;NA;NA;0.472180425;0.08681427;
ar48;Lailvaux_Irschick;2007;snout-vent_length;comprimento_corpo;length;linear;139;41;lab;paired;Lizard;Anolis;Anolis evermanni;body;weapon;weapon;weapon;squeeze;NA;NA;NA;NA;NA;NA;NA;NA;NA;NA;NA;NA;NA;1.71;24;101;NA;NA;NA;NA;NA;NA;0.49;0.08;
ar48;Lailvaux_Irschick;2007;bite_force;forca_arma;strength;performance;140;41;lab;paired;Lizard;Anolis;Anolis evermanni;weapon;weapon;weapon;weapon;squeeze;3.612;1.474.592.825;24;3.913;1.107.169.364;24;NA;NA;NA;NA;NA;NA;NA;NA;NA;NA;NA;NA;NA;NA;NA;NA;0.227060186;0.08471064;
ar48;Lailvaux_Irschick;2007;snout-vent_length;comprimento_corpo;length;linear;141;41;lab;paired;Lizard;Anolis;Anolis gundlachi;body;weapon;weapon;weapon;squeeze;NA;NA;NA;NA;NA;NA;NA;NA;NA;NA;NA;NA;NA;-0.54;18;596;NA;NA;NA;NA;NA;NA;-0.18;0.11;
ar48;Lailvaux_Irschick;2007;bite_force;forca_arma;strength;performance;142;41;lab;paired;Lizard;Anolis;Anolis gundlachi;weapon;weapon;weapon;weapon;squeeze;5.569;2.235.871.642;18;6.483;1.871.004.543;18;NA;NA;NA;NA;NA;NA;NA;NA;NA;NA;NA;NA;NA;NA;NA;NA;0.433496161;0.11519406;
ar48;Lailvaux_Irschick;2007;snout-vent_length;comprimento_corpo;length;linear;143;41;lab;paired;Lizard;Anolis;Anolis lineatopus;body;weapon;weapon;weapon;squeeze;NA;NA;NA;NA;NA;NA;NA;NA;NA;NA;NA;NA;NA;0.23;21;818;NA;NA;NA;NA;NA;NA;0.07;0.09;
ar48;Lailvaux_Irschick;2007;bite_force;forca_arma;strength;performance;144;41;lab;paired;Lizard;Anolis;Anolis lineatopus;weapon;weapon;weapon;weapon;squeeze;4.422;1.599.318.918;21;4.967;1.379.355.284;21;NA;NA;NA;NA;NA;NA;NA;NA;NA;NA;NA;NA;NA;NA;NA;NA;0.358047978;0.09783391;
ar48;Lailvaux_Irschick;2007;snout-vent_length;comprimento_corpo;length;linear;145;41;lab;paired;Lizard;Anolis;Anolis cristatellus;body;weapon;weapon;weapon;squeeze;NA;NA;NA;NA;NA;NA;NA;NA;NA;NA;NA;NA;NA;-0.27;22;787;NA;NA;NA;NA;NA;NA;-0.08;0.09;
ar48;Lailvaux_Irschick;2007;bite_force;forca_arma;strength;performance;146;41;lab;paired;Lizard;Anolis;Anolis cristatellus;weapon;weapon;weapon;weapon;squeeze;7.123;2.453.087.442;22;7.733;2.448.397.027;22;NA;NA;NA;NA;NA;NA;NA;NA;NA;NA;NA;NA;NA;NA;NA;NA;0.244428256;0.09252964;
ar48;Lailvaux_Irschick;2007;snout-vent_length;comprimento_corpo;length;linear;147;41;lab;paired;Lizard;Anolis;Anolis angusticeps;body;weapon;weapon;weapon;squeeze;NA;NA;NA;NA;NA;NA;NA;NA;NA;NA;NA;NA;NA;0.94;21;361;NA;NA;NA;NA;NA;NA;0.28;0.09;
ar48;Lailvaux_Irschick;2007;bite_force;forca_arma;strength;performance;148;41;lab;paired;Lizard;Anolis;Anolis angusticeps;weapon;weapon;weapon;weapon;squeeze;6.096;0.675292529;20;6.397;0.675292529;20;NA;NA;NA;NA;NA;NA;NA;NA;NA;NA;NA;NA;NA;NA;NA;NA;0.436867311;0.10352984;
ar48;Lailvaux_Irschick;2007;snout-vent_length;comprimento_corpo;length;linear;149;41;lab;paired;Lizard;Anolis;Anolis distichus;body;weapon;weapon;weapon;squeeze;NA;NA;NA;NA;NA;NA;NA;NA;NA;NA;NA;NA;NA;-1.04;22;312;NA;NA;NA;NA;NA;NA;-0.31;0.09;
ar48;Lailvaux_Irschick;2007;bite_force;forca_arma;strength;performance;150;41;lab;paired;Lizard;Anolis;Anolis distichus;weapon;weapon;weapon;weapon;squeeze;5.569;1.060.033.962;22;5.193;1.060.033.962;22;NA;NA;NA;NA;NA;NA;NA;NA;NA;NA;NA;NA;NA;NA;NA;NA;-0.348327268;0.09323668;
ar48;Lailvaux_Irschick;2007;snout-vent_length;comprimento_corpo;length;linear;151;41;lab;paired;Lizard;Anolis;Anolis valencienni;body;weapon;weapon;weapon;squeeze;NA;NA;NA;NA;NA;NA;NA;NA;NA;NA;NA;NA;NA;1.22;17;242;NA;NA;NA;NA;NA;NA;0.41;0.11;
ar48;Lailvaux_Irschick;2007;bite_force;forca_arma;strength;performance;152;41;lab;paired;Lizard;Anolis;Anolis valencienni;weapon;weapon;weapon;weapon;squeeze;3.763;1.241.054.793;17;4.065;1.859.520.637;17;NA;NA;NA;NA;NA;NA;NA;NA;NA;NA;NA;NA;NA;NA;NA;NA;0.186520438;0.11975108;
ar55;McLean_StuartFox;2015;bite_force;forca_arma;strength;performance;153;42;lab;paired;Lizard;Ctenophorus;Ctenophorus maculosus;weapon;weapon;weapon;weapon;squeeze;NA;NA;NA;NA;NA;NA;NA;NA;2.22;58;27;NA;NA;NA;NA;NA;NA;NA;NA;NA;NA;NA;0.41;0.03;
ar55;McLean_StuartFox;2015;jaw_length;comprimento_arma;length;linear;154;42;lab;paired;Lizard;Ctenophorus;Ctenophorus maculosus;weapon;weapon;weapon;weapon;squeeze;NA;NA;NA;NA;NA;NA;NA;NA;-1.73;58;83;NA;NA;NA;NA;NA;NA;NA;NA;NA;NA;NA;0.32;0.03;
ar56;Moczek_Emlen;2000;horn_length;comprimento_arma;length;linear;155;43;lab;paired;Coleoptera;Onthopagus;Onthophagus taurus;weapon;weapon;weapon;body;lift.push;NA;NA;NA;NA;NA;NA;NA;NA;NA;NA;NA;NA;NA;NA;NA;NA;-2.43;27;15;NA;NA;NA;1.04;0.08;
ar90;Green_Patek;2015;body_length;comprimento_corpo;length;linear;156;44;lab;paired;Hoplocarida;Neogondactylus;Neogonodactylus bredini;body;weapon;weapon;weapon;impact;429.722.549;5.403.579.105;34;4.328.147.059;5.263.980.276;34;NA;NA;NA;NA;NA;NA;NA;NA;NA;NA;NA;NA;NA;NA;NA;NA;0.057306473;0.05925476;
ar90;Green_Patek;2015;body_mass;massa_corpo;mass;mass;157;44;lab;paired;Hoplocarida;Neogondactylus;Neogonodactylus bredini;body;weapon;weapon;weapon;impact;1.557.748.628;0.544309584;34;1.632.278.431;0.565298156;34;NA;NA;NA;NA;NA;NA;NA;NA;NA;NA;NA;NA;NA;NA;NA;NA;0.132778337;0.05936115;
ar90;Green_Patek;2015;claw_strength;forca_arma;strength;performance;158;44;lab;paired;Hoplocarida;Neogondactylus;Neogonodactylus bredini;weapon;weapon;weapon;weapon;impact;1.374.552.922;5.956.512.666;34;1.349.755.211;7.673.106.842;34;NA;NA;NA;NA;NA;NA;NA;NA;NA;NA;NA;NA;NA;NA;NA;NA;-0.035690681;0.05924044;
ar101;Hall_et_al;2010;body_weight;massa_corpo;mass;mass;159;45;lab;paired;Orthoptera;Teleogryllus;Teleogryllus commodus;body;weapon;weapon;interm;lift.impact;0.724;0.104795038;38;0.736;0.117123866;38;NA;NA;NA;NA;NA;NA;NA;NA;NA;NA;NA;NA;NA;NA;NA;NA;0.10688237;0.05303618;
ar101;Hall_et_al;2010;bite_force;forca_arma;strength;performance;160;45;lab;paired;Orthoptera;Teleogryllus;Teleogryllus commodus;weapon;weapon;weapon;interm;lift.impact;1.398;0.536304018;38;1.683;0.752058508;38;NA;NA;NA;NA;NA;NA;NA;NA;NA;NA;NA;NA;NA;NA;NA;NA;0.431905941;0.0543256;
ar106;Emlen;1997;body_size;comprimento_corpo;length;linear;161;46;lab;paired;Coleoptera;Onthopagus;Onthophagus acuminatus;body;weapon;weapon;body;lift.push;NA;NA;NA;NA;NA;NA;6.4;10;NA;NA;NA;NA;NA;NA;NA;NA;NA;NA;NA;NA;NA;NA;2.29;1.01;
ar106;Emlen;1997;horn_length;comprimento_arma;length;linear;162;46;lab;paired;Coleoptera;Onthopagus;Onthophagus acuminatus;weapon;weapon;weapon;body;lift.push;NA;NA;NA;NA;NA;NA;NA;NA;NA;NA;NA;696;26;NA;NA;NA;NA;NA;NA;6573;26;37;0.7;0.08;
ar120;Bohorquez-Alonso_et_al;2018;body_length;comprimento_corpo;length;linear;163;47;lab;paired;Lizard;Gallotia;Gallotia galloti;body;weapon;weapon;weapon;squeeze;111.82;7.108.417.545;29;114.38;6.246.791.176;29;NA;NA;NA;NA;NA;NA;NA;NA;NA;NA;NA;NA;NA;NA;NA;NA;0.37742503;0.07019353;
ar120;Bohorquez-Alonso_et_al;2018;body_mass;massa_corpo;mass;mass;164;47;lab;paired;Lizard;Gallotia;Gallotia galloti;body;weapon;weapon;weapon;squeeze;47.21;1.077.032.961;29;52.62;8.993.225.228;29;NA;NA;NA;NA;NA;NA;NA;NA;NA;NA;NA;NA;NA;NA;NA;NA;0.53793145;0.07146009;
ar120;Bohorquez-Alonso_et_al;2018;head_width;comprimento_arma;width;linear;165;47;lab;paired;Lizard;Gallotia;Gallotia galloti;weapon;weapon;weapon;weapon;squeeze;16.75;3.985.021.957;29;16.84;306.954.394;29;NA;NA;NA;NA;NA;NA;NA;NA;NA;NA;NA;NA;NA;NA;NA;NA;0.02496256;0.06897089;
ar120;Bohorquez-Alonso_et_al;2018;body_length;comprimento_corpo;length;linear;166;47;lab;paired;Lizard;Gallotia;Gallotia galloti;body;weapon;weapon;weapon;squeeze;114.42;7.544.428.408;24;120.58;6.221.703.947;24;NA;NA;NA;NA;NA;NA;NA;NA;NA;NA;NA;NA;NA;NA;NA;NA;0.87622969;0.09133103;
ar120;Bohorquez-Alonso_et_al;2018;body_mass;massa_corpo;mass;mass;167;47;lab;paired;Lizard;Gallotia;Gallotia galloti;body;weapon;weapon;weapon;squeeze;50.12;1.033.684.671;24;57.5;1.288.431.605;24;NA;NA;NA;NA;NA;NA;NA;NA;NA;NA;NA;NA;NA;NA;NA;NA;0.6214689;0.0873565;
ar120;Bohorquez-Alonso_et_al;2018;head_width;comprimento_arma;width;linear;168;47;lab;paired;Lizard;Gallotia;Gallotia galloti;weapon;weapon;weapon;weapon;squeeze;18.3;1.959.591.794;24;19.52;1.469.693.846;24;NA;NA;NA;NA;NA;NA;NA;NA;NA;NA;NA;NA;NA;NA;NA;NA;0.69280976;0.08833318;
ar102;Munoz-Zink;2012;pronotum_width;comprimento_corpo;width;linear;169;48;lab;paired;Dermaptera;Anisolabis;Anisolabis maritima;body;weapon;weapon;interm;squeeze.impact;NA;NA;NA;NA;NA;NA;29;25;NA;NA;NA;NA;NA;NA;NA;NA;NA;NA;NA;NA;NA;NA;0.06;0.16;
ar102;Munoz-Zink;2012;forceps_asymmetry;assimetria_arma;asym;asymmetry;170;48;lab;paired;Dermaptera;Anisolabis;Anisolabis maritima;weapon;weapon;weapon;interm;squeeze.impact;NA;NA;NA;NA;NA;NA;8.1;25;NA;NA;NA;NA;NA;NA;NA;NA;NA;NA;NA;NA;NA;NA;1.31;0.23;
ar102;Munoz-Zink;2012;pronotum_width;comprimento_corpo;width;linear;171;48;lab;paired;Dermaptera;Anisolabis;Anisolabis maritima;body;weapon;weapon;interm;squeeze.impact;NA;NA;NA;NA;NA;NA;5.54;15;NA;NA;NA;NA;NA;NA;NA;NA;NA;NA;NA;NA;NA;NA;1.39;0.4;
ar102;Munoz-Zink;2012;forceps_asymmetry;assimetria_arma;asym;asymmetry;172;48;lab;paired;Dermaptera;Anisolabis;Anisolabis maritima;weapon;weapon;weapon;interm;squeeze.impact;NA;NA;NA;NA;NA;NA;0.3;15;NA;NA;NA;NA;NA;NA;NA;NA;NA;NA;NA;NA;NA;NA;0.26;0.26;
ar125;Huyghe_et_al;2005;bite_force;forca_arma;strength;performance;173;49;lab;paired;Lizard;Gallotia;Gallotia galloti;weapon;weapon;weapon;weapon;squeeze;-0.17;1.044.030.651;109;0.17;0.835224521;109;NA;NA;NA;NA;NA;NA;NA;NA;NA;NA;NA;NA;NA;NA;NA;NA;0.3584;0.0187;
